mae,rmse,mape,model,fold,test_start
423.94998511904765,517.2036914904699,4.789088922771719,seasonal_naive,0,2026-09-18 08:15:00+00:00
319.97997199450117,399.8497762093259,3.6662796310976615,ridge,0,2026-09-18 08:15:00+00:00
276.35609504929835,349.27768831747954,3.123179555028441,lightgbm,0,2026-09-18 08:15:00+00:00
320.36313988095236,419.7177659827466,3.5369220395256376,elia_day_ahead,0,2026-09-18 08:15:00+00:00
343.46457589285717,424.9841127299258,3.8785091259218905,seasonal_naive,1,2026-09-04 08:15:00+00:00
293.687241312933,368.7546095189151,3.2727803561452378,ridge,1,2026-09-04 08:15:00+00:00
230.75177796101303,291.586958476421,2.595301256609946,lightgbm,1,2026-09-04 08:15:00+00:00
295.5357514880953,375.8173658759973,3.2801051547413476,elia_day_ahead,1,2026-09-04 08:15:00+00:00
265.46953124999993,351.0762006511066,2.933417189694472,seasonal_naive,2,2026-08-21 08:15:00+00:00
285.9714908284994,348.7125387186962,3.2246335368351593,ridge,2,2026-08-21 08:15:00+00:00
197.08334030978637,248.99715565792633,2.1908199653161513,lightgbm,2,2026-08-21 08:15:00+00:00
271.9405729166666,361.18487272742743,3.0197383048962902,elia_day_ahead,2,2026-08-21 08:15:00+00:00
472.55746279761905,620.8161406276137,5.181191924635536,seasonal_naive,3,2026-08-07 08:15:00+00:00
324.2936939071216,400.5164795377361,3.6770383824383654,ridge,3,2026-08-07 08:15:00+00:00
229.7599872153496,290.98147033586474,2.539990618747323,lightgbm,3,2026-08-07 08:15:00+00:00
299.99151785714287,410.026748169657,3.2584098895524245,elia_day_ahead,3,2026-08-07 08:15:00+00:00
440.49567708333336,587.0559395756055,5.058721054443659,seasonal_naive,4,2026-07-24 08:15:00+00:00
379.73297678564205,463.0453590949435,4.487639093485614,ridge,4,2026-07-24 08:15:00+00:00
257.65329735876014,313.505113099796,3.100907391683493,lightgbm,4,2026-07-24 08:15:00+00:00
336.49409970238094,417.71273336107333,4.028230045398217,elia_day_ahead,4,2026-07-24 08:15:00+00:00
758.936830357143,999.7076495645698,9.184785505781159,seasonal_naive,5,2026-07-10 08:15:00+00:00
427.04304109373834,534.5202220268158,5.073738538132731,ridge,5,2026-07-10 08:15:00+00:00
359.7350067528244,455.840858206802,4.197370095968415,lightgbm,5,2026-07-10 08:15:00+00:00
300.2528645833333,372.40357609716284,3.5543945218033044,elia_day_ahead,5,2026-07-10 08:15:00+00:00
660.7530729166666,791.441888242094,7.132496854014654,seasonal_naive,6,2026-06-26 08:15:00+00:00
338.5794039980745,425.44900205068586,3.646046949526921,ridge,6,2026-06-26 08:15:00+00:00
265.5099381263702,337.1889445605674,2.8597650892453124,lightgbm,6,2026-06-26 08:15:00+00:00
323.4198139880952,397.7414347762526,3.4139425509902224,elia_day_ahead,6,2026-06-26 08:15:00+00:00
505.4871875,631.8248889009301,5.133221752320566,seasonal_naive,7,2026-06-12 08:15:00+00:00
484.7105343250969,562.2557642836302,5.057834173931429,ridge,7,2026-06-12 08:15:00+00:00
254.1969440573577,323.3824149637031,2.5728541494615444,lightgbm,7,2026-06-12 08:15:00+00:00
412.7938095238095,521.5711640268711,4.124951154287291,elia_day_ahead,7,2026-06-12 08:15:00+00:00
400.8427604166667,523.9020126742707,4.428262313314479,seasonal_naive,8,2026-05-29 08:15:00+00:00
289.2474417679506,370.63203881293475,3.261520958974065,ridge,8,2026-05-29 08:15:00+00:00
232.83558796084534,291.05523585650377,2.62234903628293,lightgbm,8,2026-05-29 08:15:00+00:00
241.8447619047619,310.12061477965227,2.6312820974668942,elia_day_ahead,8,2026-05-29 08:15:00+00:00
468.4970610119048,674.1027805294124,4.9614166410107075,seasonal_naive,9,2026-05-15 08:15:00+00:00
481.30127929887556,579.7354142798787,5.204831786860942,ridge,9,2026-05-15 08:15:00+00:00
506.5838354109905,608.0126957229331,5.364584650390601,lightgbm,9,2026-05-15 08:15:00+00:00
350.5702678571429,475.6879272772136,3.7015888012722487,elia_day_ahead,9,2026-05-15 08:15:00+00:00
426.444613095238,600.0279613344569,4.791695080256085,seasonal_naive,10,2026-05-01 08:15:00+00:00
311.14880942347685,411.1375330119096,3.545570234062297,ridge,10,2026-05-01 08:15:00+00:00
259.3005833974747,329.63224804918616,2.9025023131282848,lightgbm,10,2026-05-01 08:15:00+00:00
239.0038020833333,328.37000591111916,2.664534211490139,elia_day_ahead,10,2026-05-01 08:15:00+00:00
274.73330357142856,372.48615730910694,3.0501164946163146,seasonal_naive,11,2026-04-17 08:15:00+00:00
289.8238344828992,371.81693217245777,3.196781627291845,ridge,11,2026-04-17 08:15:00+00:00
225.66816265857307,296.81113906119873,2.4032868853065397,lightgbm,11,2026-04-17 08:15:00+00:00
239.16660714285712,308.6776724177762,2.5691648009086228,elia_day_ahead,11,2026-04-17 08:15:00+00:00
564.4168601190477,737.0144487778322,6.179185550708218,seasonal_naive,12,2026-04-03 08:15:00+00:00
326.8500718178376,409.2844528754306,3.4909605948149998,ridge,12,2026-04-03 08:15:00+00:00
298.29065785735264,369.82853841751046,3.205030716982048,lightgbm,12,2026-04-03 08:15:00+00:00
394.00319196428575,556.1574396170957,4.191570750059051,elia_day_ahead,12,2026-04-03 08:15:00+00:00
371.79953869047614,461.09466924268145,3.8030432264315537,seasonal_naive,13,2026-03-20 08:15:00+00:00
300.7865954603471,374.88462792071294,3.0871183475209247,ridge,13,2026-03-20 08:15:00+00:00
359.72361365391635,440.57355496773965,3.62480484029991,lightgbm,13,2026-03-20 08:15:00+00:00
332.7963169642857,429.6114364377191,3.3028160913388525,elia_day_ahead,13,2026-03-20 08:15:00+00:00
281.4404092261905,365.9962141033987,2.9943445960104293,seasonal_naive,14,2026-03-06 08:15:00+00:00
202.28770563170613,270.73830609543404,2.145162289264419,ridge,14,2026-03-06 08:15:00+00:00
209.43633089970004,280.1791269012155,2.126732572791169,lightgbm,14,2026-03-06 08:15:00+00:00
223.07202380952384,290.6359939454109,2.3249515176496245,elia_day_ahead,14,2026-03-06 08:15:00+00:00
546.4016443452381,629.2111256217389,5.604520332110931,seasonal_naive,15,2026-02-20 08:15:00+00:00
239.8864101475249,299.45078149136816,2.4536565933915138,ridge,15,2026-02-20 08:15:00+00:00
308.68169826388424,389.7193917754024,2.9761440818754163,lightgbm,15,2026-02-20 08:15:00+00:00
233.66421130952386,285.97940217774516,2.391974286305981,elia_day_ahead,15,2026-02-20 08:15:00+00:00
365.9703645833333,449.34690630815,3.4929715844697604,seasonal_naive,16,2026-02-06 08:15:00+00:00
288.91415471020736,354.80544459276456,2.7650588722307554,ridge,16,2026-02-06 08:15:00+00:00
348.27298723147015,409.69625231390796,3.324772590063041,lightgbm,16,2026-02-06 08:15:00+00:00
210.77791666666667,269.66122210248096,1.985209699084673,elia_day_ahead,16,2026-02-06 08:15:00+00:00
334.993712797619,403.78302209689963,3.150154692216839,seasonal_naive,17,2026-01-23 08:15:00+00:00
271.48415986775643,341.15308576642076,2.540252259562915,ridge,17,2026-01-23 08:15:00+00:00
241.32726668331998,302.19472059007035,2.2251030499605315,lightgbm,17,2026-01-23 08:15:00+00:00
228.5994196428571,282.9346416974603,2.1247742501221545,elia_day_ahead,17,2026-01-23 08:15:00+00:00
679.2947321428572,777.9112843132594,6.451932481956803,seasonal_naive,18,2026-01-09 08:15:00+00:00
231.94691970506037,297.4096266632484,2.2022809144601334,ridge,18,2026-01-09 08:15:00+00:00
318.6070381480304,390.7515230813903,2.910752680042121,lightgbm,18,2026-01-09 08:15:00+00:00
275.99736607142853,336.0168999560903,2.6104625388366838,elia_day_ahead,18,2026-01-09 08:15:00+00:00
844.6156250000001,1245.0511146081728,7.598447077095321,seasonal_naive,19,2025-12-26 08:15:00+00:00
561.0755272842433,689.8398219504413,5.275008291462026,ridge,19,2025-12-26 08:15:00+00:00
469.0589453007211,641.0369829672397,4.235714618324701,lightgbm,19,2025-12-26 08:15:00+00:00
498.9633630952381,669.6435779294851,4.749774687196327,elia_day_ahead,19,2025-12-26 08:15:00+00:00
365.00664434523804,545.2428917348906,3.753351448109279,seasonal_naive,20,2025-12-12 08:15:00+00:00
378.0764358860147,474.87330151255725,3.873587934482333,ridge,20,2025-12-12 08:15:00+00:00
198.8842139455904,276.3797932013852,2.0438871604251165,lightgbm,20,2025-12-12 08:15:00+00:00
392.2167113095238,503.8471961712036,4.098779091531838,elia_day_ahead,20,2025-12-12 08:15:00+00:00
407.9085044642857,537.3467448599021,4.057210737592465,seasonal_naive,21,2025-11-28 08:15:00+00:00
526.582768898626,621.780977182349,5.198457688559052,ridge,21,2025-11-28 08:15:00+00:00
425.48544279448515,512.0880657551282,4.2489894600064515,lightgbm,21,2025-11-28 08:15:00+00:00
383.68031994047624,473.89840451829457,3.847085042745277,elia_day_ahead,21,2025-11-28 08:15:00+00:00
931.3013318452381,1158.4870892323663,9.150162415926987,seasonal_naive,22,2025-11-14 08:15:00+00:00
535.8829690821987,657.566445379164,5.436462288062671,ridge,22,2025-11-14 08:15:00+00:00
453.7266939282748,586.7757463088117,4.63356758267465,lightgbm,22,2025-11-14 08:15:00+00:00
437.84439732142863,548.4183765531074,4.398462536537009,elia_day_ahead,22,2025-11-14 08:15:00+00:00
645.8158110119048,841.7556327338781,7.203207346237292,seasonal_naive,23,2025-10-31 08:15:00+00:00
547.873063298254,681.2923955008077,6.067747806570998,ridge,23,2025-10-31 08:15:00+00:00
469.440108013066,621.164063467058,5.163981334480672,lightgbm,23,2025-10-31 08:15:00+00:00
409.81120535714285,542.1822115257384,4.579762820134741,elia_day_ahead,23,2025-10-31 08:15:00+00:00
